Moment_1,Moment_2,Moment_3,Moment_4,Moment_5,Moment_6,Moment_7,Label
0.0006956309802986147,9.766711650414789e-09,1.4992832894014644e-15,1.4977873292499172e-15,1.9444251495523622e-32,1.3969399472270968e-19,2.2444026936565834e-30,0
0.0007547714496303182,3.2120099062514394e-08,9.366783606751984e-15,1.143767419718975e-14,-6.848562991426226e-29,-2.049321795469306e-18,-9.656634476303511e-29,0
0.0006874494028994066,2.6809897792159326e-09,2.619513486414448e-15,1.1891267861894768e-16,5.332859323296469e-33,5.107625411081197e-21,6.615245215358782e-32,0
0.0006979062093449926,7.377277724942864e-09,1.4320690420099874e-15,1.3355578070476389e-14,3.165477163840903e-29,-4.265396971337992e-19,-4.90869400683525e-29,0
0.0007030369042340748,5.753497908930088e-09,3.5107548590767768e-15,1.2074507378679976e-14,-6.452202332453086e-29,2.0729634874812105e-19,4.491321964976179e-29,0
0.0007071731989725838,1.5080417621223904e-08,2.554030477046042e-14,6.337261819119625e-14,2.5193127421516248e-27,7.766011370332844e-18,3.915708858164875e-28,0
0.0007003215547488064,2.1189146780638434e-08,2.087610691799764e-17,1.916499011682814e-15,-3.177497298804421e-31,-2.668690642620653e-20,-2.1444590211826928e-31,0
0.0006813671081776203,8.149799753928011e-09,1.7296577296390882e-15,1.2487368278635328e-15,1.671241168256197e-30,2.987352967751067e-20,7.582608698543816e-31,0
0.0006932010855583534,3.6000593574286405e-09,1.4694326402253726e-15,4.964080583146396e-15,-1.1008309992793693e-29,1.0272499778735518e-19,-7.652840897063884e-30,0
0.0007560209490756973,7.566492776072637e-08,1.036527588899781e-15,1.2437026933842825e-16,2.9487194209116377e-32,1.4294874849912045e-20,3.3534017642332573e-32,0
0.0006832331795759358,1.5546835289366352e-09,6.498063804225022e-16,6.90459093262071e-15,-1.4598110657225235e-29,1.1667979819311526e-19,-8.881362275942867e-31,0
0.0007126751358664065,3.709393312377639e-11,5.437607456034387e-15,4.387267199589735e-15,1.224665685478594e-29,-1.6181251328302175e-20,1.758428132516176e-29,0
0.0007793108546895538,1.2870833024345373e-07,1.078013121793479e-15,6.813183007972625e-17,-1.6800779619277058e-32,-1.0464590230388877e-20,7.659690830481885e-33,0
0.0006774144589491433,1.7112448216027257e-09,8.32248630536913e-15,2.681277610541864e-16,-3.2647189699046703e-31,-1.1088981478521367e-20,-2.3204193493842554e-31,0
0.0007152758431747969,2.6014323979178777e-08,1.333481722297787e-15,1.6047762275066163e-15,-2.093753619746967e-30,-1.1819985616788483e-19,1.061695383662575e-30,0
0.0006817807316386636,1.6944476910081358e-09,2.810040133631328e-15,2.3214830128667377e-15,2.7638129424360638e-30,5.2850308042456836e-21,-5.245771146274602e-30,0
0.0007015974875710314,4.7691849166808644e-09,1.2549279696324597e-15,3.110755406976796e-14,-6.365913508668482e-29,8.098511795479645e-19,1.836397324324049e-28,0
0.0007412496510927055,3.891551987230182e-08,3.6225378189576366e-15,1.685093894683176e-14,3.2322265720235824e-29,2.4801263752519644e-18,-1.2762731045583417e-28,0
0.0007055698806209693,1.2802318248435443e-08,8.484477912267052e-16,6.685913305784262e-16,-4.928506155923985e-31,4.6140369952638744e-20,1.0331409982884946e-31,0
0.0007300322588611879,1.6914769247869235e-08,1.9915261622423437e-14,1.229312037112511e-14,-1.8498032683555267e-28,-9.69090117786432e-19,-5.272363850014129e-29,0
0.0007155782642423749,4.600451956362315e-08,9.63930789448606e-16,1.5680875708997107e-17,1.0556909797202237e-33,6.461145832750966e-22,-1.6131368242122005e-33,0
0.0006853292314531974,2.8118234002231247e-12,3.003093334398415e-15,8.329168837004174e-16,1.0167801860261255e-30,-5.125139293376468e-22,8.375291614906886e-31,0
0.0006860439193846623,1.3535823267105114e-08,7.28021774068572e-15,2.5533153020606856e-15,1.0853607461189043e-29,-1.8793709910092852e-19,-1.840291635437293e-30,0
0.0007299360462388513,5.3120461235843877e-08,1.3761310853233544e-14,1.906772444424771e-15,4.181397731865504e-30,2.8848152667096194e-19,8.827099034302951e-30,0
0.000707190117858256,4.6173531583009895e-11,2.2583865804025398e-15,5.9587865339932216e-15,9.472880583130218e-30,-3.08192755699806e-20,1.9700069112631972e-29,0
0.0007233915781288107,5.844649231933312e-08,1.805538301203908e-14,2.3251939226590635e-15,-1.5022612284718248e-29,-5.346273146351846e-19,-1.139899150011579e-30,0
0.0006922307106069522,4.888916236518012e-10,1.8849438372680638e-15,2.1104680784872067e-15,1.4509692846898965e-30,4.464924674684624e-22,3.951393093722051e-30,0
0.0006870042899364048,2.6338665644999374e-10,4.021046821935344e-15,7.506966462337322e-15,4.1230365811016635e-29,1.1620722471002151e-19,1.0805368116448538e-30,0
0.0010025905243472443,3.536912868520247e-09,2.533599853707176e-13,1.1578271072497214e-12,2.977092547080128e-25,3.8035361948091027e-17,-5.519235382542345e-25,0
0.0006828565017002247,3.2596328404877536e-10,3.4681694380928087e-16,1.1205490004843657e-18,-1.8365051430915434e-35,-2.0150184015673288e-23,-1.227577271630006e-35,0
0.0007048213593859071,3.09114472106004e-08,1.918002845725846e-14,3.031257932065779e-15,-9.221564385491583e-30,-4.464803531445292e-19,-2.119386753703703e-29,0
0.0006855175930837846,2.491456771348153e-09,4.531252648214029e-15,2.5425757487962523e-15,7.177480712909352e-30,-1.0276786199802826e-20,-4.792058422029658e-30,0
0.0007210254403201315,4.580386738412367e-08,4.357807126142482e-15,2.2326074960867666e-15,-2.471380295521783e-30,-4.417141708680928e-19,-6.510621513666655e-30,0
0.0007735381849433082,1.091207620255783e-07,9.549550164973948e-15,4.543147095798432e-14,7.264239666352366e-28,1.3730532558248064e-17,6.064510690581303e-28,0
0.0008546065965063263,2.418775285809968e-07,2.3694994704610553e-15,1.0873320329042874e-14,4.786960160488328e-29,5.345859717790989e-18,2.7469879467457963e-29,0
0.0006880550642546488,1.5988537051237042e-09,2.4336599133411346e-16,4.1175371461196347e-16,-1.2164694788858017e-31,-1.0181755084184131e-20,4.681027621970311e-32,0
0.0006970344911802406,9.491652459749385e-11,1.7684378002443725e-15,1.4751201402159483e-15,-2.2000564557290165e-30,-9.089124768787427e-21,-9.144059296523445e-31,0
0.000687224485657693,1.2043911098460266e-10,2.2164947059047554e-15,1.505947735666249e-16,-4.128520261387118e-32,-1.4588817093744754e-21,7.658682053012211e-32,0
0.0007053957923744472,1.968929609317115e-08,1.1409663986236858e-15,1.1528646778821602e-15,-2.9630669596721284e-31,5.3988061371858944e-21,-1.2885921472062397e-30,0
0.0006969168729488124,4.938805621764141e-09,7.619827040735818e-17,4.8470456934778215e-17,1.5186351384589752e-33,1.5552177356131345e-21,-2.524061079246849e-33,0
0.0007241598346093183,4.046869595847024e-08,3.636608624667398e-15,9.080794442286162e-16,-1.379100744247417e-30,1.7478932424305462e-19,-9.06206051825023e-31,0
0.0007103827928681716,3.167413191384898e-08,1.1243410717056043e-14,6.509180550307574e-16,-1.3860382424803251e-30,-1.1583966437089458e-19,-1.0861497913886515e-30,0
0.0009419705877377941,1.4396123178096313e-07,3.2913857724269196e-13,7.675643771522231e-13,3.483636253163414e-25,2.5758260866644766e-16,-1.6578300321499336e-25,0
0.0006997561218456238,1.723058100471041e-08,5.740379598890196e-15,1.7703019089832314e-14,1.222977201674527e-28,6.075207158235119e-19,1.299665396555269e-28,0
0.0007202655261635985,4.144616161735439e-08,4.610933756217945e-15,1.5165921891141481e-15,1.3155852120323587e-31,2.493990281615857e-19,-4.008333710944461e-30,0
0.0007168419899348646,2.408899074175517e-08,3.6401071122350827e-16,6.385617317655034e-15,-6.400092649616763e-30,-8.293435157224889e-19,-7.336221812625055e-30,0
0.0007305279782564413,4.078621433988648e-08,3.442159993775253e-15,6.3066728030197626e-15,-1.4375470306082775e-30,1.685753514517852e-19,2.9349157362641646e-29,0
0.0007179566986919103,5.798146287684612e-08,3.109403975174292e-16,2.0500178734042635e-15,2.5995037837569272e-31,-1.178958538375476e-19,-1.6159474807482067e-30,0
0.0006981986617764316,8.742958773590606e-09,3.694887134096576e-15,1.3809933498510561e-15,1.4154632269324624e-30,-1.0909140510062833e-19,2.7799060448432814e-30,0
0.0007257830483834177,5.7076817535967774e-08,3.572038408956431e-15,7.857156623221902e-16,-1.2687096176343869e-30,3.387299163499838e-20,3.507590677919438e-31,0
0.0007030245471653545,1.3399848344147905e-08,3.503631741143217e-15,2.7784116894336316e-15,8.005113478165749e-30,-2.8481651796179414e-19,-3.3263447511117944e-30,0
0.0007102288063066788,1.3784850149642339e-08,3.496689806702045e-15,2.3736088870144902e-14,-1.1487075913457685e-28,2.0003478352757366e-19,1.832097004582299e-28,0
0.0007000993275101956,9.88721994500445e-10,3.664145926616599e-16,3.941486679418004e-15,3.3794710508177406e-30,-1.0265156202860866e-19,-3.3189703048425424e-30,0
0.0007410858249645759,6.256782874387562e-08,1.0525809198506788e-14,4.522710444077164e-15,2.983398934711003e-29,5.651629153596651e-19,9.148381706773764e-30,0
0.0006935177183078557,1.0779399328547453e-09,4.740492251485113e-15,1.5905598799801213e-16,-1.3805126266138878e-31,-4.348951698447981e-22,4.15242832784814e-33,0
0.000716578162577818,3.619977360906954e-08,3.614570657235298e-15,6.845771853906836e-16,-8.520244800252407e-31,1.2098353924848807e-19,-6.585563079418743e-31,0
0.00070478662069957,5.155018537714625e-10,3.88962886171253e-15,2.3811251021047497e-15,5.13316563885803e-30,4.487276570411167e-20,5.114895550624709e-30,0
0.0006799912854301732,4.3151857933351136e-09,6.8746567619088534e-15,1.3877601187706278e-15,-1.6440218804381416e-30,7.870735914205656e-21,-3.958634965838282e-30,0
0.000697441794758347,5.503112983321762e-10,3.337809680066377e-15,2.936057922647615e-15,-5.963496272374179e-30,-3.292625736774144e-21,-6.994069506721548e-30,0
0.0006923427491860522,1.6435897115639064e-09,2.432286765434274e-16,5.198878956017963e-15,2.721717546416605e-30,6.300928082935007e-20,-5.1739769155996504e-30,0
0.0007443794652638454,1.515409130642744e-08,8.686041508391183e-15,3.240355517001107e-14,4.528948466413429e-28,3.1230928057245982e-18,-3.0069105223807572e-28,0
0.0007018438608049737,1.7525253207034537e-08,1.5436317474527988e-15,2.5060819540061046e-16,-1.4439261835386277e-31,2.334001164527205e-22,5.870670306087016e-32,0
0.0006955773487783783,7.033205092059287e-09,6.7095817710318026e-15,9.411519594469168e-16,-1.9779780656810733e-30,-7.255811811130251e-20,1.2965290700790261e-30,0
0.0006906256629366486,1.4981632106723012e-11,6.147072601894302e-16,9.128805765122792e-17,1.7547061954547272e-32,-2.0294828022717433e-22,1.2638793420396747e-32,0
0.0006856064716221196,7.715315750928956e-09,6.174454594510868e-16,4.4007107279402885e-15,2.0811375998806907e-30,-3.789519600573138e-19,6.9491605252152e-30,0
0.0006852859056851574,1.7783041436530883e-09,1.464656218175513e-15,1.4819608512728575e-16,-6.894154773521453e-32,5.906653702558741e-21,-3.751150583713713e-33,0
0.0007008045362721236,1.11266483361439e-08,8.944472913187563e-15,1.6554384211438756e-15,2.4723353084811336e-30,9.008344200074551e-20,-5.8707629631792516e-30,0
0.0006833795988689,6.593278154943109e-11,1.0784226970609747e-16,3.9063292704563566e-16,-7.75779468636836e-32,3.0746047684610163e-21,2.02473127763289e-32,0
0.0006950835386296692,7.50399098737645e-09,1.3335384768927966e-14,1.1192162801302007e-15,1.9934161014417554e-30,-6.31157358653669e-20,-3.836957809959178e-30,0
0.0007094071930665235,2.067209664234085e-09,1.1813923909684214e-15,1.3323731116513663e-15,-1.2129055200216637e-30,6.010366388591963e-20,1.1502834211956512e-30,0
0.0006946347620533323,1.8439511716011252e-08,2.9139706236886893e-16,6.009767449982327e-16,2.487638527364156e-31,8.141728145052983e-20,3.696216973008438e-32,0
0.000696975630414398,1.2541081189953836e-10,7.659575271193316e-16,8.971813934903394e-16,-6.427085526460706e-31,7.833779709028101e-22,-3.7427123799032146e-31,0
0.0007147100724690146,3.4738702019239786e-08,1.4882151490242844e-14,2.141884870526803e-15,-9.987638451539268e-30,-2.743789922429297e-19,6.817844810904819e-30,0
0.0006906203662217032,2.2961130209179633e-09,1.6922793924274436e-16,8.4255222698283615e-16,1.381902650946008e-31,5.627282867967961e-21,-2.8657035943368034e-31,0
0.0007119598453613658,1.9907707365930947e-08,6.493603484015885e-15,1.368852406036971e-15,3.9757965615294105e-30,1.5748693012033327e-19,-9.211208114778483e-31,0
0.0006705337829281423,6.39275396882938e-12,7.8940255412942425e-16,6.514760644870377e-15,-2.7210892388336496e-30,1.2315150209332878e-20,1.4521212369361387e-29,0
0.0006843743376545112,2.8102321565579727e-09,1.0686083387721139e-15,4.1799911570525077e-16,-2.767563008898389e-31,1.4435678097369732e-20,-3.809030544789881e-32,0
0.0006993070498506463,2.865055684647158e-09,8.544502904390082e-16,4.57358811383129e-16,1.6197039090799404e-31,-2.565516975252237e-21,-2.3560556384175067e-31,0
0.0006910117185469323,2.396308142266668e-09,4.15297187482546e-15,6.053352197303314e-15,3.0350502807724395e-29,2.9426754963134007e-19,1.785957947104885e-31,0
0.0007672093556194725,9.530671067796991e-08,5.156050018840953e-15,9.647525810023002e-15,6.460534334892327e-29,1.581379523186258e-18,2.135366022678323e-29,0
0.0007066243785480607,1.6943531664595155e-08,4.663283731633043e-16,4.193653021989882e-15,4.967691276351283e-30,4.0197591824317187e-19,3.1168870899205264e-30,0
0.000685971911527389,3.843935099608311e-09,4.138655420336701e-15,3.1183735994795928e-15,7.70686367144652e-30,4.452774091423769e-20,-8.130451774656923e-30,0
0.0006922650087380329,1.4082019658671563e-08,2.4499044027660984e-15,5.656900798712292e-16,6.5432322368019815e-31,6.505566030165818e-20,-1.2390373361835251e-31,0
0.0007130080467516054,1.0662587803085398e-09,3.4693191940307655e-15,1.1224327272647336e-14,6.943868445851145e-29,2.466139171670481e-19,-9.178391702795898e-30,0
0.0007499710141506026,3.840082388304835e-08,4.824286041405965e-15,2.5552076304086928e-14,2.5844843218658774e-28,3.387814871666516e-18,1.169991207338245e-28,0
0.0006925012893509018,6.774732969411337e-10,3.8496423121837574e-15,4.647496436979624e-15,-1.1001443480086834e-29,1.1828484826905776e-19,-1.6291231970832505e-29,0
0.0007117601229455377,2.2145894143452802e-09,8.824453391666202e-15,2.0950422759319596e-14,-2.2293443773905043e-28,-9.764125176547963e-19,-1.7733037732162565e-28,0
0.0006978230877427561,2.752275821872179e-08,3.0773111844082345e-15,3.5242495252572023e-15,-9.836546602931858e-30,5.079459856685192e-19,6.159831167168015e-30,0
0.0007126466737357126,4.872730847979412e-08,3.4641772469795845e-16,2.791124981542397e-16,1.0121875080313883e-32,2.7030685672025893e-20,-8.619760501759499e-32,0
0.0007087296251702215,1.953751032579121e-10,2.9896786486775007e-15,3.384488996441511e-14,3.3281799843803718e-28,4.607967505653416e-19,-7.167720974479038e-29,0
0.0007663464509222752,1.1780530733689295e-07,4.393608743771976e-15,1.893106437722004e-15,-1.8547064193464705e-30,-3.1969284974438064e-19,5.1350754869726654e-30,0
0.0007037775476395677,1.9646706088792683e-08,2.363869383290529e-15,4.496363103723194e-16,4.571211760989284e-31,-5.605421107400369e-20,7.698034280145489e-32,0
0.0007915106531558532,1.3227247900542342e-07,1.744564977770116e-14,3.755914011777763e-15,-3.0389371621497443e-29,1.3381167341066386e-18,-9.116149122808842e-31,0
0.0007249116812207673,3.2909673408840716e-09,2.2952001237069046e-15,8.663154846038558e-15,7.680345348629998e-30,4.845780393624958e-19,-3.7858777621991173e-29,0
0.0006837688855978656,6.233048880178488e-09,1.2381790713712821e-15,1.3186275293238732e-15,-1.0700776283317179e-30,8.130040491048846e-20,-1.301473175536801e-30,0
0.0007119307861890526,5.837176171706019e-12,2.629351611547562e-18,6.352743938273444e-15,-5.493726527510018e-31,-1.5326364016684212e-20,6.1016613481909615e-31,0
0.0007261361597969698,3.605644865561025e-08,4.5862737887605745e-15,3.814708002593232e-15,-1.5892337513920463e-29,-6.490663936035182e-19,1.4230586605155202e-30,0
0.0007122004100889405,2.1213862540315583e-08,3.994160816517992e-15,3.4281071962468583e-16,-4.022069029931213e-33,1.9623916299936548e-20,4.011183521066483e-31,0
0.0007674133732558201,1.6204233820713194e-08,5.056749539669305e-13,4.246513677769028e-13,1.525408051199737e-25,1.703539254947118e-17,-1.2431534650514274e-25,0
0.000692107938709208,1.764258595809644e-08,5.918212514688857e-15,8.880888999618299e-16,-1.7271213880483312e-30,1.1791818083785563e-19,-1.0781414951064726e-30,0
0.0006881411287005498,1.130437095129908e-09,3.966107628856409e-15,5.524952663920775e-16,4.375944366140118e-31,9.455232771507866e-21,6.909371479663977e-31,0
0.0007083875538097344,2.7818570768818833e-08,5.6612376338068014e-15,2.394457384756988e-15,-4.788076063026088e-31,1.614359384005346e-19,-8.802881951355376e-30,0
0.0006987526044728509,1.3575095096993653e-08,1.9224536124930557e-15,6.310143435891375e-17,-1.9471665822638063e-32,4.624509608550949e-22,1.0192331818113653e-32,0
0.0007367670137748978,6.139046445545036e-08,2.6204654842015187e-15,9.650889940778457e-15,2.3711966708576355e-29,2.3868029756161052e-18,-4.2346530707623405e-29,0
0.0007197833340968294,2.5279490882108534e-08,3.873727352926182e-15,6.682898804889055e-15,3.136965295634612e-29,8.656869013244843e-19,1.311945963252387e-29,0
0.0007097257947718909,3.209000322962783e-08,2.4264402385757613e-15,1.0342180173658337e-15,1.3328311082433985e-30,-1.127347193246951e-19,-9.527359399735355e-31,0
0.0007123311615446746,1.5497173696500993e-08,3.18222288348557e-15,6.425863164095451e-15,2.905752537280736e-29,-2.7199615032483343e-20,-1.2284960504074377e-31,0
0.0007155611995243131,1.634552261715272e-08,2.3613546658501438e-14,7.046414592862547e-16,-2.5884384149601055e-31,-4.929945634844283e-20,-2.8626265833147047e-30,0
0.0007156201171801008,3.366397608080226e-08,3.715593620352467e-15,4.95518388688743e-15,2.0292279631800735e-29,8.763691394035687e-19,6.347858796175966e-30,0
0.0006949779896014349,2.6379291921336166e-09,1.7055878366796464e-15,1.5648273168731488e-15,-2.131844386462292e-30,-5.259424556479639e-20,1.4109065048869272e-30,0
0.0006821905613930435,4.235123711445338e-09,5.591562935175619e-15,1.4370057596608904e-15,1.991150282885787e-30,7.558894055258207e-21,3.5535479152786164e-30,0
0.0006948505580194488,3.18794226560615e-09,8.927002303656625e-16,2.6033382682670143e-15,-1.7126563560432244e-30,1.3837638805817762e-19,3.580142589652567e-30,0
0.0006997388382697694,4.927015463851864e-09,4.141058819243044e-15,6.874727766211226e-16,-1.0074298452305577e-30,-4.7140401149271743e-20,5.749497166224153e-31,0
0.0007415897964746286,3.1631394495209224e-09,2.1116677386298885e-15,5.661521711703866e-15,-1.8642581098845678e-29,-2.565924738478016e-19,5.971082914455672e-30,0
0.0006864849295345821,4.346393203011345e-09,4.831596052835193e-15,7.552092499904579e-16,-5.977627115579345e-31,4.2677564989794244e-20,-1.3129271430532841e-30,1
0.0006937299572521199,6.073713891978901e-09,6.38442547174063e-15,2.112651799530816e-15,1.69664423254624e-30,1.5618060627724026e-19,-7.571172964766365e-30,1
0.0006996562355906887,1.4210720625308685e-08,2.873697311465817e-15,2.2486048198461656e-15,-4.2723654298121446e-30,-2.277459910580122e-19,-3.797268517245522e-30,1
0.0006918011197587187,1.0085678588915309e-08,8.918411084212082e-15,5.960246785928874e-17,9.744979077501791e-34,2.0192196754495834e-21,4.3444107124707776e-32,1
0.000693474678922138,1.5549510864695503e-08,5.804303464816669e-16,3.913986725896155e-15,-4.070729581115661e-30,4.727063285540912e-19,-4.269833422672638e-30,1
0.0006956439318290572,2.541777800855541e-08,2.7603418671132415e-14,2.7057697040896725e-15,-9.12962142918796e-30,-3.738044353067355e-19,2.1528089666507554e-29,1
0.0007003149392884968,2.3597735299092233e-08,1.9259437770551755e-15,4.117499307452167e-15,1.1557420859879646e-29,5.754613750596793e-19,-9.332121569283257e-31,1
0.0006850086664262742,6.4097384414467955e-09,2.1095739683391403e-15,1.6787632064177695e-15,-1.174543858446309e-30,1.0534641965244351e-19,2.932779327454742e-30,1
0.0006885963786568152,2.2817480762063123e-09,2.6233641452938587e-14,4.171373586879305e-15,4.0271488411637114e-29,-1.197060828567779e-19,1.6802794556582716e-29,1
0.000674939506582438,1.8655221347655304e-10,9.039729734039547e-15,7.137418952495342e-17,5.683044257553855e-32,-8.053141247252739e-22,-7.559379415296665e-33,1
0.0006883330899982232,5.1090579933429075e-12,5.832908471482713e-14,1.1918842419769102e-14,3.136025920937288e-28,1.9027830366503364e-20,2.0367869995877697e-29,1
0.0006836952048856631,4.369922872800348e-09,1.589536254640756e-14,4.035384055514152e-15,-1.0090026640581904e-29,-2.580977139106749e-19,-3.070393007788673e-29,1
0.0007127582336079237,4.307171754775744e-09,1.8340826297891747e-14,4.4283256358641896e-16,-1.9005153486247998e-31,2.8487547929624175e-20,1.2476351583943555e-30,1
0.000695783463217035,2.574993081495896e-10,5.252343496882453e-15,1.729137204244929e-15,-1.5250914342567468e-30,1.3395645697791852e-20,-4.982828097387825e-30,1
0.0007125096664647862,7.82072561352385e-09,1.089305869736716e-14,1.8551829142981938e-14,-2.006136383233675e-28,1.0783677390475605e-18,1.711906445563522e-28,1
0.0006955151252701394,1.394586445046911e-08,5.082588731478834e-14,6.4541800200151985e-15,-1.1559372971298554e-28,6.85047093604255e-19,1.7408166085607216e-29,1
0.0006880691280945705,2.2942982915957126e-10,1.3140608523163972e-14,1.2603744271887293e-15,-3.0531195055463422e-30,2.9048765439874664e-21,-4.121657445523769e-30,1
0.0007082649825894617,6.801208067825945e-10,7.667919175592348e-15,1.7473339891676714e-14,1.0895773154422499e-29,1.4733016317881451e-19,-2.019628793244581e-28,1
0.0007382964902502657,4.6456909986322094e-08,4.502370414997464e-14,1.9882158139212694e-14,-1.6348441629751248e-28,-2.1182236999281953e-18,5.71955510952533e-28,1
0.0007065572875247766,2.6522661934385243e-10,3.44088287286195e-14,7.498618042488342e-16,-3.009991535362021e-30,-7.866714505823005e-21,2.334127831364948e-30,1
0.0007588789991663377,1.1069744024418342e-07,2.067185435746575e-14,7.196891201804792e-16,-2.725372802880455e-30,-2.3321396468405774e-19,5.273341075981969e-31,1
0.0007062604553682366,3.4793607969631647e-08,5.7824643302458285e-15,4.294017732372272e-15,1.9397954383290288e-29,3.4019699695484254e-19,9.03048135352328e-30,1
0.0006850592907167743,7.639442571374935e-09,1.5152321240495035e-14,1.5071116114398085e-15,6.588405446138262e-30,1.2693894200902853e-19,2.9090916771621884e-30,1
0.0006895410900847152,7.114788257629729e-10,4.25486731971241e-14,3.384649084952293e-15,3.1733364940204566e-29,8.950100715570999e-20,-2.5353048982175405e-29,1
0.0006731513849329752,4.936518350199555e-11,2.092666634788049e-15,1.8242475310230217e-15,-2.3276949681130034e-30,2.9452358011801585e-21,2.699287684350366e-30,1
0.0007180711982704804,4.844873741370254e-09,3.422260013338182e-14,6.7688567898654115e-15,-6.576354443067947e-29,4.709386091677444e-19,-7.930110289439618e-29,1
0.0007002605619184307,2.1422358796665906e-08,9.086300312694024e-15,4.0883219736278793e-16,-6.091921602798302e-31,3.8855797529721426e-20,4.997858669425796e-31,1
0.0007220630639934481,6.633920326392028e-08,4.469284126042193e-14,1.085821714388416e-14,8.202666295623281e-29,1.9241964720996985e-21,-2.246933572834935e-28,1
0.0007314291076147787,4.415622996182982e-09,9.939099330664753e-16,2.0035618423989638e-14,8.414644630233752e-29,1.3313568698825085e-18,-3.02194068003736e-29,1
0.0006895712827273499,1.0770783881772623e-08,7.055063717725407e-16,2.5533080702630863e-15,3.3005456308325165e-30,1.6722090386628526e-19,9.220906716373423e-31,1
0.0006885391618389491,5.584876587860797e-09,1.767399439403676e-15,2.112817863555795e-15,3.9061114113780175e-30,-3.8597425240074746e-21,1.1881620899752898e-30,1
0.0006977542418715097,5.916340996012597e-12,1.0121179894783469e-14,4.196603872374815e-15,-2.4880499230595095e-29,9.837872291421739e-21,-1.1357869297391448e-29,1
0.0006926423584584424,1.28412961224868e-11,4.44767673778224e-15,7.356006782148845e-17,2.7850982863925934e-32,1.035605921645856e-22,3.153846154504529e-32,1
0.0006685627103713959,1.1116526396428167e-09,1.4101115968595823e-15,6.746429750050524e-15,2.3446143808543894e-31,5.003831319092892e-20,-2.0807033913132503e-29,1
0.0006788086936284612,8.653222219914391e-09,2.0636407260178018e-15,3.0983771573173513e-15,3.0372580785039284e-30,2.2988174165815634e-19,7.22194462241234e-30,1
0.0007152100540724641,3.9738686070482527e-08,8.75186594435098e-15,4.484138009605852e-15,2.366699225171973e-29,5.815992797427656e-19,1.513220131365454e-29,1
0.000687542333476872,1.4949743776547913e-08,7.575625803999788e-15,7.350729659212412e-16,1.5079870631163276e-30,3.656954637794105e-21,-8.572570533543081e-31,1
0.0007022352787638471,1.8161649103216147e-08,3.6762381334317226e-14,1.2212636203802266e-15,-8.099351138651458e-30,-8.858455150855321e-20,1.1674963405724677e-30,1
0.000689543381185174,7.87042032816043e-11,3.266403456458341e-16,2.1867068871999763e-16,-5.413380475590007e-32,9.206231410009586e-22,2.2021147854410477e-32,1
0.0007205784086564994,6.124184317294364e-08,5.909164453561109e-15,3.193158223561338e-15,5.9016301246879444e-30,7.28906702701802e-19,1.2552407408517956e-29,1
0.0007169420148117678,2.2150847037216727e-08,1.9604186669946642e-15,8.109773728496088e-15,9.48701516112688e-31,-9.503083734537612e-21,3.232217126988473e-29,1
0.0006858377801739961,1.0147652268613213e-09,1.986277631494811e-14,3.3732481981548745e-15,-2.0519650276976682e-30,-4.4956807543693517e-20,-2.753530228830881e-29,1
0.000689986227934159,6.778620750476708e-10,9.831645787631697e-15,1.4926678334203722e-15,4.777589867690336e-30,3.2744662425162307e-20,-3.1420097356129946e-30,1
0.000710109892914668,5.729058897725152e-09,2.0618285814161754e-15,8.193099005304462e-16,-1.8887738304815158e-31,-3.199281307701527e-20,-1.0479903832411798e-30,1
0.000682097668753704,4.750501654784728e-09,2.5500929641714764e-14,6.544819779856308e-16,-1.3490966587381657e-30,-2.717711214616139e-20,-2.3084628294370175e-30,1
0.0007229631196840476,5.5296643894862936e-08,1.8260652329845568e-16,9.626650299798222e-18,-1.2943756674038444e-34,-1.3329868876967434e-21,-3.823005558747083e-34,1
0.0006804230004164313,9.177944706395012e-10,1.48927946850626e-15,1.4651034446287027e-15,1.4706965925154628e-30,-3.364303111906834e-20,-1.5876603112564865e-30,1
0.0006963390954313007,6.6578930858408366e-09,2.1593245106784564e-15,1.2759898976679959e-14,6.614327983747651e-29,8.581782825252954e-19,1.0538983851875379e-29,1
0.0006898618153811083,2.2206659270856148e-08,2.8306834673743295e-16,6.918023378836573e-15,8.11101515624466e-30,8.407123530635502e-19,-5.285123904449135e-30,1
0.0007229396649562608,6.928666847802936e-09,3.0719617048847006e-14,4.3235050140673143e-14,-2.9994204603861497e-28,3.520613084795815e-18,-1.5468457093816603e-27,1
0.0007003403255466533,1.160093806258213e-09,5.152444451688028e-14,1.1411897773026818e-15,-9.31062430112858e-31,-1.8264467816743692e-20,8.701040773487796e-30,1
0.0006934662252262112,1.0144235058422916e-08,6.460361929636623e-14,3.7619250668096636e-14,1.7617672178183744e-27,3.761500222267547e-18,5.793207880461173e-28,1
0.0006998353130790184,7.997847507749535e-09,3.2654217664339126e-14,3.2732172590948015e-15,2.7657265139306637e-29,2.5165297167173118e-19,-1.94994714092287e-29,1
0.0006884483622214921,5.4038738759136306e-11,1.1118297548948033e-14,1.6462656886619314e-15,-2.4539951252980116e-30,-1.2098906148502524e-20,-6.601844383081728e-30,1
0.0007102076182457506,9.670350783454202e-09,1.823503285170869e-15,1.0504652373829869e-14,-1.5686282383298505e-29,-2.0328151427569912e-19,4.321667196713913e-29,1
0.0006859811033407789,1.4484242003928378e-10,1.3336564367080654e-14,1.8599579199521244e-15,3.517335100748211e-30,9.929401278686445e-21,-8.569795828445668e-30,1
0.000696217037626899,4.711855406056725e-09,6.593252342914111e-15,4.824125395723995e-16,-3.2166306763413085e-31,-2.1021699936452643e-20,-7.979622466777232e-31,1
0.000702544746841184,1.2805223223526358e-08,1.1083932232278688e-14,1.2874579753654802e-14,1.5250140375195467e-28,1.3854125754317757e-18,-1.991715495213973e-29,1
0.0007324907510418066,1.0925212592953356e-08,7.871529103944167e-15,1.2857328353403635e-14,-1.0664832181570296e-28,1.1447110478797982e-18,7.318966834966468e-29,1
0.000696388277815629,4.3062422747445175e-09,2.788304975329665e-15,3.099927479520028e-14,-2.3111541285219624e-28,6.246837126511043e-19,-1.7218080586090311e-28,1
0.0007235285976272647,4.929692095576412e-08,2.3517422909323017e-15,1.858747067300327e-15,6.812254036584022e-31,3.583821060322455e-19,3.826028440289842e-30,1
0.000676116463322049,1.23464320610145e-09,1.0093663116907073e-14,1.732668937147846e-14,1.4704771122520105e-28,-2.199231265353557e-19,-1.7573091774056519e-28,1
0.0006940913846387407,1.5841362379943308e-08,1.2070560993467997e-14,9.60276682109589e-16,1.748902869746102e-30,-5.387043449481429e-20,2.7622155763527818e-30,1
0.0006871240806486917,7.217979876617353e-09,2.2283094212278518e-14,1.5306734540491564e-15,2.6177797050198047e-30,1.1729500482094506e-19,8.547589172454566e-30,1
0.0008376392327589226,1.9786236638073372e-07,9.700270660819918e-15,5.340315799298196e-15,5.0348777300798034e-30,-1.34192521205515e-19,-3.810517476378758e-29,1
0.000704759041569228,1.1470888264052198e-08,9.151655850606611e-15,1.2110379151725586e-15,-7.659813899363394e-31,8.803810048064511e-20,-3.958250343969342e-30,1
0.0006827195900156603,3.432695438087161e-11,9.482185600010155e-15,3.5734278196096225e-15,-3.856401119242759e-30,1.7669716944427177e-20,2.0440275337518694e-29,1
0.0007039337954553337,1.293951658271524e-08,7.567867151215371e-15,1.6144272115511386e-15,5.242205409808004e-31,1.827681080247588e-19,-5.61865531416629e-30,1
0.0006809546927904154,3.856923811780401e-09,7.529786159705984e-16,1.8385862510244173e-17,-6.691749703575392e-34,-1.130392178131859e-21,-2.0572030332004972e-33,1
0.0006874760607922005,2.335432722922067e-10,1.2628256352855699e-14,4.947834558400365e-16,-1.1626061640403237e-30,6.514570476415273e-21,-4.218835533482603e-31,1
0.0007036725164757545,3.2977701265249566e-09,7.340945885494325e-15,5.796782067180817e-16,8.16928856707935e-31,-9.589171556535931e-21,-8.732417759127304e-31,1
0.0007113317403481701,3.0470257783820936e-08,4.512460606138562e-15,1.831338370621137e-15,-2.143395157173766e-30,3.1205828668861418e-19,4.808443951343764e-30,1
0.0006922179100303477,1.5241065174339363e-12,1.8918182286064348e-14,1.9387866216217737e-15,1.1696612919750175e-29,7.598955613253053e-22,-1.0291464391286755e-30,1
0.0006865836811086889,3.636742707949701e-09,9.102215502980438e-16,3.862989946364918e-16,-1.6228163923431432e-31,-2.3278661350743893e-20,-1.6166474283177286e-31,1
0.0006813340573617288,1.6408822682143528e-09,8.849205397548819e-15,7.127106253882805e-16,1.782272429689625e-30,1.9879819364548552e-20,1.647633664906003e-31,1
0.0007094849813790653,3.8049542139848646e-08,1.3089992811935248e-15,5.126582914238785e-15,1.1625574303448238e-29,-8.604968742787272e-20,-6.419927887186742e-30,1
0.0006755960819915799,4.720421387471703e-10,4.520628083598612e-14,1.5705749375957647e-16,3.965231089942883e-31,2.4236653149714392e-21,1.3381015763061359e-31,1
0.0007020649409608564,2.792591605404201e-08,1.2203483317535992e-14,1.2497859850620761e-17,-3.263762725869168e-33,-1.1762377901709716e-22,-3.6291239777690685e-33,1
0.0006929590461716813,9.469700675352129e-09,3.587504441882632e-15,8.007899473463834e-16,1.9641569474451283e-31,-2.2312422721414598e-20,1.3430077020332527e-30,1
0.0006806978721094452,6.908070391045302e-09,3.2818125434319674e-14,3.704787747961586e-15,-3.1728612361621436e-29,2.857485249732504e-19,-2.5731170576989644e-29,1
0.000690468492780762,1.0232667568791895e-08,7.302863669170024e-15,2.8842674802285522e-15,1.841235657899068e-30,2.4574786659259554e-19,-1.3108636621240432e-29,1
0.000714230693740177,4.2309595303364115e-08,5.854956497433618e-16,2.3482472898959405e-15,2.6842392403742257e-30,-3.7751576838951504e-19,6.1348194430414595e-31,1
0.0007014273224497066,2.8040824329469773e-08,2.808974093448739e-15,2.7140263837397035e-15,-1.1305832299071138e-31,-3.232760384814755e-19,-7.492824000385751e-30,1
0.0007009681264286086,2.096348311924148e-08,1.0673107787684156e-15,1.2139067479277122e-14,3.7589309828828483e-29,1.1691681951225258e-18,2.227608064993837e-29,1
0.00072312616768909,5.924023132787219e-09,8.151323054069672e-15,3.024465864709929e-14,-4.62326562781986e-28,-4.2156493458376397e-19,-1.084826785877206e-28,1
0.0006790442683901074,6.1887228615444116e-09,7.051181034262683e-16,1.3449095404694585e-15,8.128360764126453e-31,-7.879134312972834e-20,1.0269379069363754e-30,1
0.000703817829898587,1.4191023897616797e-08,7.0024184338836066e-15,3.711449413979288e-15,1.8502122154960139e-29,-3.9672401161542005e-19,-3.958270529381535e-30,1
0.0006957948650656661,1.33419504303344e-08,3.3082491364648735e-15,3.977076448151641e-15,8.85000412393628e-30,2.309583202945614e-19,1.1392367001240904e-29,1
0.0006815589591635472,4.56398104466341e-09,1.0135128316421105e-15,3.199833840012389e-15,9.855791503013828e-31,1.8782094256688755e-19,-5.6775213838590504e-30,1
0.0006723580329397588,9.134088566439605e-11,3.927477050670938e-15,2.87759604665192e-15,7.762834355105593e-30,-2.2809400630106202e-20,-5.77258467799206e-30,1
0.0006758003922767776,6.588978526557817e-10,2.195718828628094e-15,9.427399644513216e-16,-1.3544061893286614e-30,-7.01034293955868e-21,-7.284952202653328e-32,1
0.0006950651708260342,2.57372243671622e-08,5.40254304366348e-15,1.5818418400143346e-16,-1.2582416365786712e-31,2.3545450019875387e-20,7.451311486099452e-32,1
0.000698058903687776,1.2081645129054555e-08,8.209824365061622e-15,1.5096544775124707e-16,-1.1705543413295773e-31,-1.263710119639024e-21,1.2060119838627552e-31,1
0.0006795901107378828,2.1890532447839775e-09,1.1971538458219326e-14,3.3720163241601645e-17,-1.1452477677673498e-32,1.0778401359981751e-21,-1.810655674925718e-32,1
0.0006880087864055687,1.2249078287256395e-09,2.2685957225603836e-14,1.531891518610814e-16,2.303930412129906e-31,1.503730863721987e-21,1.687372879408922e-31,1
0.0006837611769519095,3.842541972841474e-12,3.5753710064920714e-15,2.2553089010430155e-15,4.8311670872386535e-30,-3.2583136783218193e-21,-4.2041044268807456e-30,1
0.0006960171678061786,2.1073466152732752e-08,2.931544791453871e-15,1.4171127606747028e-14,3.689304883950383e-29,6.303251059542743e-19,-8.355634711905549e-29,1
0.0006853579123328065,2.6386331137685505e-08,2.0452574347311934e-15,1.790469850753387e-16,-1.4647845692347086e-33,-2.4161908052135028e-20,-1.0833899876078216e-31,1
0.0006963862367586773,1.7278386074747296e-09,7.033792714713219e-16,6.262427288464887e-16,-3.0025716633860205e-31,2.6006524973563177e-20,-2.87394283965527e-31,1
0.0006872944233642633,2.2238229254461055e-09,2.94532819531053e-15,8.413571694307662e-17,-3.5225384472395826e-32,-3.90632765668588e-21,2.2657344822175943e-32,1
0.0008768827061770985,2.934087592248741e-07,2.7693517902821892e-14,3.4175996194552886e-15,-3.279041704577365e-29,-1.785308077659714e-18,-5.499554124458575e-30,1
0.0007286607623183598,5.349046699243106e-08,9.491535356592997e-15,8.669429937609414e-16,-2.1343776672944807e-30,1.117453015456958e-19,1.276315716469731e-30,1
0.0007019687241492905,1.7546167389942452e-09,3.8224613283067605e-15,4.8038081036707195e-15,9.047303852810216e-30,2.0513380616140594e-20,-1.8490183019878762e-29,1
0.0006869894862083813,8.920048689000485e-10,2.3219170646983177e-15,8.572045876707781e-16,-7.363651078297463e-31,2.0591990826176985e-20,9.59312707153842e-31,1
0.000710992214496404,2.0294917402409336e-08,4.0240391076263e-15,1.8550729189386405e-14,-8.837618500237864e-29,-3.6760596017687023e-19,1.3371061547429215e-28,1
0.0007170176637643384,2.932428278613829e-09,1.9774093182016098e-15,4.216823554815597e-14,-2.370409632502314e-28,-2.1638625003147033e-19,3.0344923309846826e-28,1
0.0006802387515335677,6.89984538017601e-09,2.7380832988374453e-15,1.359563155228602e-16,7.920462141471082e-32,-5.495065022448541e-21,-2.4647943619671366e-32,1
0.0006958643109405692,8.110324241282136e-09,2.402604335857867e-14,2.6729429807312305e-15,-5.531099775184655e-30,-1.0200421412366113e-19,-2.0693874526898625e-29,1
0.0006815799053146649,1.164239423172464e-08,3.154808537941043e-14,7.621669051383868e-15,-1.151978122165222e-28,-6.647405112543553e-19,-2.6402871457595614e-29,1
0.000703936711565137,1.2963807155042448e-08,3.0006727366927775e-14,1.965600513779413e-15,-3.607282226511797e-30,1.400110827624749e-19,1.465832755035257e-29,1
0.0007178252298118379,2.9566774793181167e-09,1.1905691940824097e-14,2.049275062963345e-15,9.808653790834271e-30,-1.454787873560764e-21,2.50011195470766e-30,1
0.0006861523834360341,2.343515869454416e-09,3.4583224868581198e-15,3.3722652828213507e-15,-9.877500493102333e-30,1.0144185519069899e-19,-5.921283504275641e-30,1
0.0006906459050977518,4.411033899352487e-09,2.2208686826808716e-14,2.222278504641214e-15,3.3500914315219974e-30,1.2719894559785034e-19,1.5248348554551927e-29,1
0.0006844404769570276,6.9631759599665676e-09,1.2766247237991155e-14,4.574637587428267e-15,1.5465003308116094e-29,2.0252053900784878e-19,3.1352966302396576e-29,1
0.0006706764008509548,5.258823084892549e-11,2.0802841964161367e-14,1.0008741832425763e-15,-2.278855732748267e-30,6.440949471697368e-21,-3.957810342509515e-30,1
0.0007586164147810547,1.0517297447669632e-07,9.44443634793252e-15,1.7068235632789766e-15,5.840989171027869e-30,3.9411793507402945e-19,-3.5839004724526666e-30,1
0.0007536242130281403,4.624609758876795e-09,2.7046718205456494e-14,1.9288086753647685e-13,-7.846800335299179e-27,-9.976277042315465e-18,1.1511224123830288e-26,1
0.0006983055251483593,1.9395760929138233e-08,1.7218410783503518e-14,1.2079194889598224e-15,3.164619858480885e-30,-1.2784819834571863e-19,4.5090543124734425e-30,1
0.000689238241012045,5.389661900373011e-09,1.796058261630327e-14,2.638486660209479e-16,5.556247833732599e-31,-1.5439207445669973e-20,1.4554462254886755e-31,1
0.000687550874709346,2.4661853666442225e-09,3.682630555619479e-14,6.204771351994158e-15,9.029243239431879e-29,1.7084777487847735e-19,2.5382967203133273e-29,1
0.0007071544938085548,2.623852386039328e-08,8.945999768704888e-16,1.788868695170033e-15,2.246287483389703e-30,9.642992812457039e-20,2.7441674653787943e-31,1
0.0006913317242674471,1.1007235824730463e-08,1.1844692575833982e-15,1.411061263115435e-17,1.4697640532863663e-33,1.2404538112236595e-21,-1.0805673018872634e-33,1
0.0007523099043370302,6.60723144435538e-08,6.410842499814142e-16,7.967998618977078e-16,2.2358268481363927e-31,4.949194011734639e-20,5.237582104933722e-31,1
0.0007065119977384811,2.0071740722965096e-08,1.536940632962461e-14,1.5117025497151581e-15,7.132682213080819e-30,1.3240594582399422e-19,1.4900169733631157e-30,1
0.000709193699175858,3.173984660141708e-08,7.093913063703663e-17,3.513198942828129e-16,-5.28441735064019e-32,-6.23674524260175e-20,-1.6838892350403388e-32,1
0.0007031103826483668,1.4780041719854623e-08,1.3424757014925093e-15,1.4834238510937584e-14,6.619597382117848e-29,1.785384539390953e-18,-6.277529453945585e-31,1
0.0007423051024251916,8.600892583655166e-08,8.093291017969441e-15,5.23625157785571e-16,-1.0705159775413499e-30,-2.3642755586273398e-20,1.2626749455035694e-31,1
0.000680771872846093,8.171817080177601e-09,6.973518852374645e-14,7.854331677681205e-15,1.815533573350384e-28,3.2226208996710995e-19,2.87700711328277e-29,1
0.0006944604125556932,5.951352426112313e-09,6.819095533936404e-14,4.4800005838126185e-15,-7.74916477177753e-29,-1.125959497173812e-19,1.1245595192357468e-29,1
0.0007825044814573302,1.422547408997662e-07,1.7393188635263716e-14,3.6876669054212437e-14,5.454900046397407e-28,1.187903931353932e-17,-7.5807464735760155e-28,2
0.0006933734069603666,6.310704236660021e-09,1.290817336634137e-13,4.020866505845559e-15,3.807080958580556e-29,1.831858719276122e-19,-8.331750894078803e-29,2
0.0007061230429857438,4.132067565571551e-09,1.6089663399889154e-13,6.991086039607263e-16,5.634059078700692e-30,-1.258388185683773e-20,4.8202034052484485e-30,2
0.0006867707687260962,2.149173429740226e-09,6.921853936371135e-14,2.7780951866070035e-15,2.835332328302262e-29,1.0198397297283417e-19,-2.608047578341572e-29,2
0.0006837626292175733,5.841200700322857e-10,8.455026413841185e-14,5.036377863184277e-15,2.9028212144181515e-29,8.177264132761861e-20,-9.979233525384088e-29,2
0.0006966720822327602,1.8453071194036351e-09,6.102898890435568e-14,1.0745961825876815e-15,-2.6291457977305393e-31,2.4489062353140558e-20,-8.698367121300602e-30,2
0.0007147348997920685,2.1827573846287983e-08,8.278599050739336e-14,3.4634732634956395e-14,-1.2688091153946557e-27,-2.1359584586930953e-19,1.352627108930117e-27,2
0.0006837401194033952,1.6262360170221885e-09,2.8876716167690135e-14,3.115992605116555e-15,-2.1375226182087584e-29,2.7944752698602536e-20,-2.0414427656916398e-29,2
0.0006980066121446057,5.613732325636651e-09,2.6342920461561452e-14,1.3493040639621237e-14,-1.0069406092992334e-28,2.030612487189426e-19,-2.3361075548280307e-28,2
0.000684611320464017,4.846427318203999e-09,5.128384171138553e-14,3.0728696306012373e-15,3.7741047246123846e-29,-1.4239912752719964e-19,7.977951101495087e-30,2
0.0006798034252308079,3.640470338405463e-10,1.071706148466938e-14,2.3557965182875843e-14,-3.2808745764226045e-28,-2.296116252000509e-20,-1.8020833911916728e-28,2
0.0006784560493881225,5.926777878994515e-10,2.091343354505622e-13,1.6599742629237907e-14,-7.865938642980307e-28,3.416625398651179e-19,5.812640977640089e-28,2
0.0007220020031115358,5.565092198815987e-08,6.638790237994797e-15,1.0710887226803673e-14,-6.070217455343072e-29,1.0246249757552605e-18,-6.687974366065687e-29,2
0.0006844541577434265,3.407103545440343e-09,2.898144701138353e-15,1.806340963482751e-16,3.5052874492467047e-32,6.905418225298037e-21,1.259068330401951e-31,2
0.0006949867291526873,2.6254820603588165e-08,9.890617582647882e-14,1.309046604279828e-14,-3.68595550507321e-29,9.545182255075999e-19,4.695810284955808e-28,2
0.0006784292341673408,3.369167115966502e-12,4.0045499849004866e-14,9.186861853540765e-16,-5.5046443581894865e-30,-1.022117192078357e-21,8.651231412116517e-31,2
0.0007338424615882745,6.045705610805745e-08,1.808594843176292e-13,5.952871143433566e-14,5.841602344595101e-27,1.389469498541909e-17,-2.006983526024682e-27,2
0.0007046389904197165,8.675151304249888e-10,1.144936306709827e-13,5.813772655379445e-14,2.1179269822182154e-27,1.3172552733303849e-18,-4.2441705453126055e-27,2
0.0007090781234271413,2.0669346810096662e-08,1.845578947655211e-14,3.697210747832254e-16,-6.306185321268739e-32,-2.8872966568496235e-21,9.637176480081546e-31,2
0.0006996267872068726,9.427952643458426e-09,6.637064196254537e-14,2.4656873194681647e-15,-2.797683522113379e-29,-5.1420882744078086e-20,-1.4567805499765913e-29,2
0.0006783105629100715,3.312840283628857e-10,8.89847569930602e-14,1.0928527555792594e-14,-3.2640118010307487e-28,1.0424226182405547e-19,9.801675597214915e-29,2
0.0007052036872278556,2.024664081843241e-09,4.773252167097775e-14,1.826155284248723e-15,-8.451463406003483e-30,1.7504655376379474e-21,1.4807465200266685e-29,2
0.0007969797657086014,1.5018942147058005e-07,1.8836003760916057e-13,2.384582460608771e-15,1.2869752538717353e-29,5.501729910691446e-19,-4.887124258907263e-29,2
0.0007175721895433056,3.507308650980226e-08,7.962282637410801e-14,1.3040293045309356e-14,3.8278319210157236e-28,2.3866877326000507e-18,-1.7332052655658573e-28,2
0.0006754847885514718,1.288197411339995e-09,2.2951652719326674e-14,3.992312775538026e-15,2.6190578146437875e-29,1.409799236224536e-19,-2.7829962255940306e-29,2
0.0007275177256218297,3.0526110140563428e-09,6.66582029533576e-13,5.6162829731639465e-14,9.792698592737428e-27,2.9187108601384237e-18,-4.71058747998371e-27,2
0.0007066441980621394,3.6532578222362212e-09,8.555030514921047e-14,5.501755109276305e-15,5.068401114594659e-29,2.6692266816213407e-19,1.0806569070124922e-28,2
0.0006824728538718432,2.260585484997973e-11,7.267551290411096e-14,1.4845541837268445e-14,1.395090198641769e-28,-7.025956261986281e-20,-4.672448494999682e-28,2
0.0007140633817195539,3.781977670592363e-08,4.167613306553738e-14,1.913033570656798e-15,1.5353605147171082e-29,-3.4116550015085395e-19,7.486426862155578e-30,2
0.0007197131654877508,2.5518163990302677e-09,1.2053722788417772e-14,8.905920931950791e-14,-2.5895887566942497e-27,9.105262046529814e-19,1.3448054643769085e-27,2
0.00070679113153967,2.3468732228703962e-08,8.417214259512572e-14,1.1344083050470796e-14,2.781784406814682e-28,1.448897592484119e-18,-2.132966140659624e-28,2
0.0007099420064113938,1.8891648498830636e-09,1.9041006374477427e-13,1.060364454603075e-14,-4.668545229356133e-28,2.274388838469674e-19,9.51960439116347e-29,2
0.000700291651592424,2.2059344500835877e-08,1.1357025915929242e-14,7.653013069671215e-15,-6.448072827482096e-29,-1.7658001538359772e-19,3.054101721833819e-29,2
0.0007167947835574238,2.7767108175392255e-08,5.802890767134367e-14,1.0194141994329336e-14,-1.2884294440558062e-30,-1.0687573094978406e-18,-2.4793757647369944e-28,2
0.0006874538049073004,1.7942443612144977e-10,1.059138093992067e-13,1.4903920912537958e-15,-1.1317333508088318e-29,1.3443084294236045e-20,-1.4918180286922278e-29,2
0.000702264634203786,2.666548962969414e-10,1.531594059092652e-13,8.637707778830365e-15,1.302961876926268e-28,1.2880008960004325e-19,2.8588094221130767e-28,2
0.0006929229668024221,1.5766474887365247e-09,1.3687744357656223e-13,1.9158219118865116e-14,-9.705635508247353e-28,-6.887805097901406e-19,1.4317388101033343e-28,2
0.0007022652451443684,2.5734089431192716e-08,1.5491521469996532e-13,1.8003274938429263e-15,1.7143166991451126e-29,2.1153568249921748e-19,-2.4699606873220515e-29,2
0.0007401144630948451,1.5266762070980657e-08,2.5591071684522194e-13,1.7703306690971778e-14,-1.1593499461475866e-27,-4.231677628328608e-19,-2.7529572763349313e-28,2
0.0006873744196230164,4.410865271854116e-09,9.286783996404795e-14,3.1183649677965667e-15,-2.989659280047197e-29,-1.1599870988012839e-19,-4.384382990630515e-29,2
0.0006800464273949314,2.1236734163351803e-10,1.5527264016892114e-14,1.6778223861729624e-16,-1.8212103443965097e-31,-1.813428462760921e-21,-2.004259849951895e-31,2
0.0007274289868761592,6.43456419562899e-08,2.845148741010119e-14,1.3822658101583046e-14,1.1392543927306738e-28,2.3387541525518385e-18,2.4932401010876946e-28,2
0.0006990121040673937,1.9226390666062477e-08,1.869610295142719e-14,4.658034200346105e-15,-4.1908034808607167e-29,-3.2494677319037856e-19,1.1544252080257832e-29,2
0.0007307058404490692,4.047081835104705e-08,4.6658499452123895e-14,6.004771274481137e-14,2.0241378113697523e-27,4.390749833334554e-18,-2.450543642021578e-27,2
0.0006874229806435675,4.0692919720148246e-10,9.887857590746877e-14,5.060887955685352e-15,8.057828281520683e-29,1.0195257997410805e-19,-7.952371894829581e-29,2
0.0007113615041433021,2.3306141394746195e-11,2.9674809590396294e-14,3.250594702378181e-14,8.321080368415136e-28,-1.1359845800195712e-19,5.7169581175875865e-28,2
0.000694492327063751,3.904194922408927e-09,2.782981209979248e-16,2.0740789346172053e-16,-3.645381752105483e-32,1.1052674496866827e-20,3.397312041395091e-32,2
0.0007020335218057762,9.106159496328231e-10,9.88889838022701e-14,1.1409958918848725e-14,-7.151790243846465e-29,-1.8807185474124443e-19,3.765340227218324e-28,2
0.0007314410669638624,2.237082537130184e-08,1.0629136525312954e-13,1.8696384276033402e-14,6.058909451187968e-28,2.489025306175194e-18,5.723232271024035e-28,2
0.0007547112302421417,5.0367248918357936e-08,1.0512702574071551e-13,2.91693032651867e-14,1.5858786266357864e-27,6.4115149390217636e-18,-3.067570945594145e-28,2
0.0006839039332621783,2.4276429492167226e-09,6.9558776115257e-14,5.609398036104796e-15,-1.1070958902119332e-28,-8.261026183368319e-20,4.541562161562779e-30,2
0.0006989417717438554,1.304300667251284e-08,1.0232619276511519e-13,3.0401420407453885e-15,2.6995700698368523e-29,-3.3333592475200823e-19,-4.6329630554551724e-29,2
0.0006782413078214036,1.3286856302120373e-09,3.7106036577637806e-14,3.4606809687154002e-15,2.322821256418821e-29,9.886817971814115e-20,3.1596744575672774e-29,2
0.0006762220206516785,2.090448142357732e-09,2.5681156465111826e-13,4.76585145531496e-15,-6.844767290025744e-29,1.5770301760469855e-19,1.5203406959906158e-28,2
0.0006967276929225832,1.4276140620834195e-08,3.3333297335000564e-14,1.267453699769849e-16,-2.127425658949449e-31,-1.1305051843201197e-20,-1.5036652154818467e-31,2
0.0007210901742331336,2.2704666189520922e-08,1.6854177877779191e-13,9.935541118349354e-15,1.7650587816764559e-28,1.2449927303699463e-18,3.6626385667454e-28,2
0.0006920101873802026,6.05913994745857e-10,6.117271369896094e-14,3.0956963808585122e-15,3.769935036392574e-29,-1.340717201670743e-20,1.983874806942906e-29,2
0.000680355368236792,3.008488287600623e-10,8.103885990171841e-15,4.4119815165148244e-15,-2.143709947779432e-30,-5.063410423447683e-20,-2.6294118865728514e-29,2
0.0007020443111288068,1.070524035318703e-08,1.0995520459045715e-13,1.8949185006123406e-14,3.285276460507888e-28,-1.7842843924972884e-18,8.00135849840806e-28,2
0.0007020548244619539,3.6825355274977502e-09,4.348851936683315e-14,2.300669127031463e-14,2.424170305720461e-28,9.707941836370205e-19,-6.861637846579127e-28,2
0.0007044189412866318,2.779748232253036e-09,5.718798522291269e-14,3.83396810177673e-14,-1.7950691512056044e-27,-7.368851752539765e-19,-2.554128368125307e-29,2
0.0006853957621759,8.461867899985057e-09,5.773667506070882e-14,3.0134932817845353e-15,-3.2202298427529557e-29,2.893591166246181e-20,2.3303036238066562e-29,2
0.000701299709470072,7.268126546532388e-09,1.4462284845609127e-13,8.620694775753628e-16,-8.388479544154591e-30,-6.46019877385889e-20,4.7209441508732885e-30,2
0.000676785431248247,1.4381854439496376e-10,4.91894322783289e-14,2.257792739846178e-15,1.2367243462123786e-29,9.897095811819447e-21,2.032711321920564e-29,2
0.0006822119418761433,2.6386485390682347e-09,1.9772945520678397e-15,1.4046612039842532e-14,4.63660391636171e-29,6.776285661958799e-19,5.770841140987827e-29,2
0.0007482587619311633,5.031917366814813e-08,1.4018205002839933e-13,4.7032826143977546e-14,3.779186609582174e-27,1.0544188508295677e-17,5.49896259703733e-28,2
0.0006858208492328602,3.704096072232138e-09,1.401816945665184e-13,5.5557979928943745e-15,1.5504533207643606e-28,-1.8303309150156038e-19,-8.565354924430877e-31,2
0.0006852827958837371,4.194413975759821e-11,2.2124106562548854e-14,2.2259226551529005e-14,-4.134907332136517e-28,1.4350471221288894e-19,2.7023851394692184e-28,2
0.0006928712341075635,1.1508588686838071e-10,4.114448894552369e-14,1.2743711784157672e-15,-9.210258878878094e-30,-5.575696038440388e-21,-5.6924642766530875e-31,2
0.0006817496497747812,2.847266893294378e-10,6.017908204077147e-14,4.481105024326418e-15,-3.474223098146439e-29,-2.6167210130414174e-21,-6.48691616383564e-29,2
0.0006810507906815366,6.319853576842093e-09,1.2772654175036246e-13,4.807003752362602e-16,9.820861427658198e-31,6.231314194274342e-21,3.636339246461782e-30,2
0.0006919755190226971,3.5015313818573298e-09,7.039482113060427e-14,1.235664925876179e-15,6.977831341288505e-30,1.1975053768514638e-20,9.171890071303826e-30,2
0.0007026553085131037,3.200601032732495e-08,4.022301650250584e-14,3.909367738793584e-15,-4.6136053968554227e-29,1.5313972740236054e-19,-1.6573723073541094e-29,2
0.0007240692555570186,4.786233154376177e-08,1.2469990475529267e-13,2.2694579807037728e-15,-3.701481722813055e-29,-2.812670859687194e-19,-9.353279708601467e-30,2
0.000699392311160912,3.3881798792822807e-09,4.0182738836234096e-14,2.311282993387231e-14,6.5015806458717125e-28,1.141999994759481e-18,-2.70976742120496e-28,2
0.000684840857333298,3.9391832244451535e-09,6.104209775542434e-14,3.512618363551123e-15,-4.873192582126852e-29,2.1914745652569845e-19,1.645564525316603e-29,2
0.0006842674013610287,7.728895110620938e-09,8.921505908501924e-14,1.7031818057424965e-15,-1.3492752646833443e-29,1.3406997975307403e-19,1.6084928658419826e-29,2
0.0007013071935384076,1.2959917083990756e-08,2.75730854655168e-14,2.521087613344447e-14,5.646163225052301e-28,2.3616488505065846e-18,-3.5075958426289167e-28,2
0.0006804371778433094,6.552717807344188e-10,3.816596766027896e-14,8.186953148405682e-16,-3.331438977511777e-30,-1.856886415896873e-21,-3.1376299524289692e-30,2
0.0007204110987366892,5.0602134779485155e-08,1.5173280165563368e-13,4.985539624734337e-14,4.304341970596443e-27,1.1143646705783542e-17,-5.245544489687068e-28,2
0.0007638344826604403,1.0467279520700308e-07,3.015742905193359e-14,1.6937820714097324e-16,3.386084973291336e-32,3.378934753981493e-20,-3.8130966526459943e-31,2
0.0006990528287404872,5.576889275973107e-09,1.115158204392433e-14,1.4704027507517831e-16,1.5917288067902339e-31,6.735560348992368e-21,1.0058019032513481e-31,2
0.0008013163637202932,1.6057467182468164e-07,1.9006150331985673e-14,2.087036330306489e-15,1.064471829857356e-29,3.7812341346623754e-21,7.711438229886e-30,2
0.0006958651355771839,1.9976763260920242e-08,3.864485911044331e-14,4.013899912945668e-15,-1.0011857918462492e-29,-5.644552345945466e-19,4.897863895766739e-29,2
0.0006888096254454488,7.0171776466864985e-09,5.671923699769866e-14,4.738768696389727e-15,-7.028910644834264e-29,-2.2358606052700603e-19,-3.3092768581517895e-29,2
0.0006792058747736827,2.307133752207315e-10,1.2109458697541e-13,6.567660928642365e-15,1.8292496414192315e-28,-9.894254916295982e-20,2.904162730170909e-29,2
0.0006871610588190652,5.118191619743001e-09,2.193840327545292e-14,3.430945737215701e-15,1.7146238445338736e-29,2.1879653438046407e-19,2.4331722221641285e-29,2
0.0007004645232606675,1.497973129247947e-08,8.171275334928837e-15,7.357760896570347e-15,4.413354795520598e-29,8.800728566099839e-19,-3.615313329709425e-29,2
0.0006821191762952127,1.0307496086432643e-09,2.4713182960180385e-14,7.249684278748083e-16,2.4868653859385984e-30,2.1608096654110038e-20,1.7977551774211144e-30,2
0.0007124506273392574,6.802117845220026e-09,1.7725331316005312e-13,2.3893910534415334e-14,1.101216509913029e-27,1.7737398989860435e-18,1.0978710711340314e-27,2
0.000695565785803516,2.3893643365728456e-08,4.9362004288176306e-14,1.7198044313869444e-14,-1.6931601334889493e-28,1.1939120666391632e-18,4.716168054781621e-28,2
0.0007511677411375228,4.442580779035348e-08,1.6938123244588277e-13,2.3044300608874077e-13,4.180482928833858e-26,4.8345440028090296e-17,-1.8031888799907695e-26,2
0.0007253721355708763,1.4102567559498064e-08,2.014325352877723e-13,1.8500856480456483e-14,1.751847234566229e-28,2.0335889375719293e-18,1.1157431313392162e-27,2
0.0006929021956523726,2.464264420455678e-09,1.645625904624075e-13,1.3684621776699688e-14,-5.882526143895125e-28,-6.792652026094614e-19,-2.7510729017378725e-28,2
0.0007049564356106657,4.750291532233673e-09,2.7538501629369035e-13,6.522883263519995e-15,1.4668293611065405e-28,-2.0409470397227554e-20,2.343358340085308e-28,2
0.0006922064749984745,3.877136418071846e-09,1.2839229297951507e-13,3.162657283971741e-15,-4.7505912052550466e-29,3.2113231850868436e-20,-4.248260252133052e-29,2
0.0007025301442266164,1.0522508559242055e-08,1.5344691135046876e-13,1.634722129644321e-14,5.373148499894926e-28,1.4782371662996842e-18,6.177578732294769e-28,2
0.0006933023652819939,8.87369216470885e-09,1.2326716131401628e-13,1.0990465793310309e-14,2.815997152045758e-28,-8.417373410652777e-21,2.9042028915033386e-28,2
0.0007399438931374354,3.474654984344678e-08,2.2392776719741191e-13,1.196836945564522e-13,1.442233995361361e-26,2.1875546206437303e-17,-1.326240976425485e-26,2
0.0006849134029984138,1.4293777857301533e-08,3.300751507716607e-14,4.866735847279213e-15,8.000343327407634e-30,2.3340696311900167e-19,6.11616281313904e-29,2
0.0007192129764916302,9.132523142246875e-09,5.979965032556461e-14,7.7182998153158e-14,-3.970845571294097e-27,-4.437015993161444e-18,3.424618128928873e-27,2
0.0007034605313623598,5.213632618518237e-09,1.2106093268273798e-13,3.473399709996643e-15,-6.845575656498286e-29,2.5051358865985714e-19,-1.966849322220529e-29,2
0.0006885539722120231,1.676289197435699e-09,3.334438746911549e-14,9.859945350667236e-15,7.474528364302008e-29,-1.6413294374768134e-19,1.6240704818294333e-28,2
0.0006849962318409804,1.2702617042730544e-09,6.661784949343725e-14,6.837119951072937e-15,-1.411467990699541e-28,2.360715634265597e-19,-3.70037115035316e-29,2
0.0007022811944698316,1.9817487958757597e-08,1.0900537567276436e-14,5.777812285923899e-14,4.989772818814845e-28,3.470444234364391e-18,1.3614449315652092e-27,2
0.0007591603639920825,7.502704069533914e-08,3.081183037358295e-13,3.198632470410616e-14,3.1675971495225102e-27,8.752851864040722e-18,-2.231819870470514e-28,2
0.0007019602258102259,2.8909442964049427e-08,8.651012934451411e-14,6.021005025293499e-15,7.849360685079453e-29,8.373867676512668e-19,1.127913179059669e-28,2
0.00073032179388837,3.922693482794697e-08,5.4125897053273474e-14,3.4495128211866915e-14,8.516542537991963e-28,6.06450930608112e-18,-1.2232535034092886e-27,2
0.0006834367151649752,3.282160522150007e-09,2.3399472448320372e-14,4.635778577807496e-15,-3.960090972729442e-29,2.5276945366261195e-20,2.7621348258558896e-29,2
0.0007716370404755673,1.3338791396797152e-07,1.129652257825207e-13,4.2388239568810126e-15,-7.176327577423862e-29,-7.233183175130317e-19,-5.876773098135496e-29,2
0.0007001866550002086,2.8356851143149173e-08,1.2128459168306955e-14,6.530000479769286e-15,-5.14217108951313e-29,-6.374154855014732e-19,2.707246091497292e-29,2
0.0007237399963540355,9.934363472867563e-09,1.140294400731471e-13,9.632935045858336e-14,9.694642137598602e-27,9.434711632269241e-18,-2.818114515053815e-27,2
0.0007365926085302919,6.911468052864341e-08,9.202145177593908e-14,1.3615622316713229e-15,1.1618028560156136e-29,-3.250772332321754e-20,9.863869981190889e-30,2
0.000703032321684318,1.546273599717195e-08,4.296123479308236e-14,2.604992702917845e-15,-2.5235857173058158e-29,1.0779488474097667e-19,-1.1072327913060488e-29,2
0.0007165560975903247,6.3070835078618074e-09,2.307582207552155e-13,9.888315178431176e-15,-1.548422480445867e-28,2.085007003746384e-19,4.462470965381877e-28,2
